name,mbid,url,image_small,image
Bastille,fefe1208-5d8c-48a7-9b6c-2f5ffb62b063,https://www.last.fm/music/Bastille,https://lastfm.freetls.fastly.net/i/u/300x300/2a96cbd8b46e442fc41c2b86b821562f.png,https://lastfm.freetls.fastly.net/i/u/300x300/2a96cbd8b46e442fc41c2b86b821562f.png
Marshmello & Bastille,"",https://www.last.fm/music/Marshmello+&+Bastille,https://lastfm.freetls.fastly.net/i/u/300x300/2a96cbd8b46e442fc41c2b86b821562f.png,https://lastfm.freetls.fastly.net/i/u/300x300/2a96cbd8b46e442fc41c2b86b821562f.png
"Marshmello, Bastille","","https://www.last.fm/music/Marshmello,+Bastille",https://lastfm.freetls.fastly.net/i/u/300x300/2a96cbd8b46e442fc41c2b86b821562f.png,https://lastfm.freetls.fastly.net/i/u/300x300/2a96cbd8b46e442fc41c2b86b821562f.png
Marshmello ft. Bastille,"",https://www.last.fm/music/Marshmello+ft.+Bastille,https://lastfm.freetls.fastly.net/i/u/300x300/2a96cbd8b46e442fc41c2b86b821562f.png,https://lastfm.freetls.fastly.net/i/u/300x300/2a96cbd8b46e442fc41c2b86b821562f.png
Storm the Bastille,"",https://www.last.fm/music/Storm+the+Bastille,https://lastfm.freetls.fastly.net/i/u/300x300/2a96cbd8b46e442fc41c2b86b821562f.png,https://lastfm.freetls.fastly.net/i/u/300x300/2a96cbd8b46e442fc41c2b86b821562f.png
"1789, Les Amants de la Bastille",4d170114-98b3-46ac-8b88-b6c7407702df,"https://www.last.fm/music/1789,+Les+Amants+de+la+Bastille",https://lastfm.freetls.fastly.net/i/u/300x300/2a96cbd8b46e442fc41c2b86b821562f.png,https://lastfm.freetls.fastly.net/i/u/300x300/2a96cbd8b46e442fc41c2b86b821562f.png
Bastille & Alessia Cara,"",https://www.last.fm/music/Bastille+&+Alessia+Cara,"",""
Seeb & Bastille,"",https://www.last.fm/music/Seeb+&+Bastille,https://lastfm.freetls.fastly.net/i/u/300x300/2a96cbd8b46e442fc41c2b86b821562f.png,https://lastfm.freetls.fastly.net/i/u/300x300/2a96cbd8b46e442fc41c2b86b821562f.png
Bastille & Gabrielle Aplin,"",https://www.last.fm/music/Bastille+&+Gabrielle+Aplin,"",""
"Bastille, Angel Haze, F*U*G*Z & Braque","","https://www.last.fm/music/Bastille,+Angel+Haze,+F%2AU%2AG%2AZ+&+Braque",https://lastfm.freetls.fastly.net/i/u/300x300/2a96cbd8b46e442fc41c2b86b821562f.png,https://lastfm.freetls.fastly.net/i/u/300x300/2a96cbd8b46e442fc41c2b86b821562f.png
"Bastille, Marshmello","","https://www.last.fm/music/Bastille,+Marshmello","",""
Bastille & MNEK,"",https://www.last.fm/music/Bastille+&+MNEK,https://lastfm.freetls.fastly.net/i/u/300x300/2a96cbd8b46e442fc41c2b86b821562f.png,https://lastfm.freetls.fastly.net/i/u/300x300/2a96cbd8b46e442fc41c2b86b821562f.png
Marshmello and Bastille,"",https://www.last.fm/music/Marshmello+and+Bastille,"",""
Bastille & The Gemma Sharples Quartet,"",https://www.last.fm/music/Bastille+&+The+Gemma+Sharples+Quartet,https://lastfm.freetls.fastly.net/i/u/300x300/2a96cbd8b46e442fc41c2b86b821562f.png,https://lastfm.freetls.fastly.net/i/u/300x300/2a96cbd8b46e442fc41c2b86b821562f.png
Craig David ft. Bastille,"",https://www.last.fm/music/Craig+David+ft.+Bastille,"",""
"Bastille, GRADES & Lizzo","","https://www.last.fm/music/Bastille,+GRADES+&+Lizzo",https://lastfm.freetls.fastly.net/i/u/300x300/2a96cbd8b46e442fc41c2b86b821562f.png,https://lastfm.freetls.fastly.net/i/u/300x300/2a96cbd8b46e442fc41c2b86b821562f.png
"Bastille, Tyde & Rationale","","https://www.last.fm/music/Bastille,+Tyde+&+Rationale",https://lastfm.freetls.fastly.net/i/u/300x300/2a96cbd8b46e442fc41c2b86b821562f.png,https://lastfm.freetls.fastly.net/i/u/300x300/2a96cbd8b46e442fc41c2b86b821562f.png
"Bastille, Rag N Bone Man & Skunk Anansie","","https://www.last.fm/music/Bastille,+Rag+N+Bone+Man+&+Skunk+Anansie",https://lastfm.freetls.fastly.net/i/u/300x300/2a96cbd8b46e442fc41c2b86b821562f.png,https://lastfm.freetls.fastly.net/i/u/300x300/2a96cbd8b46e442fc41c2b86b821562f.png
Bastille feat. Ella Eyre,7808accb-6395-4b25-858c-678bbb73896b,https://www.last.fm/music/Bastille+feat.+Ella+Eyre,https://lastfm.freetls.fastly.net/i/u/300x300/2a96cbd8b46e442fc41c2b86b821562f.png,https://lastfm.freetls.fastly.net/i/u/300x300/2a96cbd8b46e442fc41c2b86b821562f.png
Gabrielle Aplin and Bastille,"",https://www.last.fm/music/Gabrielle+Aplin+and+Bastille,https://lastfm.freetls.fastly.net/i/u/300x300/2a96cbd8b46e442fc41c2b86b821562f.png,https://lastfm.freetls.fastly.net/i/u/300x300/2a96cbd8b46e442fc41c2b86b821562f.png
Craig David feat. Bastille,"",https://www.last.fm/music/Craig+David+feat.+Bastille,"",""
"Bastille, Alessia Cara","","https://www.last.fm/music/Bastille,+Alessia+Cara","",""
"Seeb, Bastille","","https://www.last.fm/music/Seeb,+Bastille","",""
Marshmello feat. Bastille,"",https://www.last.fm/music/Marshmello+feat.+Bastille,"",""
Gabrielle Aplin & Bastille,4abebe04-1e85-427b-9950-563945850f2e,https://www.last.fm/music/Gabrielle+Aplin+&+Bastille,https://lastfm.freetls.fastly.net/i/u/300x300/2a96cbd8b46e442fc41c2b86b821562f.png,https://lastfm.freetls.fastly.net/i/u/300x300/2a96cbd8b46e442fc41c2b86b821562f.png
Bastille & Rudimental,"",https://www.last.fm/music/Bastille+&+Rudimental,https://lastfm.freetls.fastly.net/i/u/300x300/2a96cbd8b46e442fc41c2b86b821562f.png,https://lastfm.freetls.fastly.net/i/u/300x300/2a96cbd8b46e442fc41c2b86b821562f.png
Bastille & Riz Ahmed,"",https://www.last.fm/music/Bastille+&+Riz+Ahmed,https://lastfm.freetls.fastly.net/i/u/300x300/2a96cbd8b46e442fc41c2b86b821562f.png,https://lastfm.freetls.fastly.net/i/u/300x300/2a96cbd8b46e442fc41c2b86b821562f.png
"The Paris Cast Of 1789, Les Amants De La Bastille","","https://www.last.fm/music/The+Paris+Cast+Of+1789,+Les+Amants+De+La+Bastille",https://lastfm.freetls.fastly.net/i/u/300x300/2a96cbd8b46e442fc41c2b86b821562f.png,https://lastfm.freetls.fastly.net/i/u/300x300/2a96cbd8b46e442fc41c2b86b821562f.png
Bastille VS. Haim,7808accb-6395-4b25-858c-678bbb73896b,https://www.last.fm/music/Bastille+VS.+Haim,"",""
Alok & Bastille,"",https://www.last.fm/music/Alok+&+Bastille,https://lastfm.freetls.fastly.net/i/u/300x300/2a96cbd8b46e442fc41c2b86b821562f.png,https://lastfm.freetls.fastly.net/i/u/300x300/2a96cbd8b46e442fc41c2b86b821562f.png
Aurora,"",https://www.last.fm/music/Aurora,https://lastfm.freetls.fastly.net/i/u/300x300/2a96cbd8b46e442fc41c2b86b821562f.png,https://lastfm.freetls.fastly.net/i/u/300x300/2a96cbd8b46e442fc41c2b86b821562f.png
Lunar Aurora,c8e6dc3a-b5e4-402e-86e8-9080e6482ec8,https://www.last.fm/music/Lunar+Aurora,https://lastfm.freetls.fastly.net/i/u/300x300/2a96cbd8b46e442fc41c2b86b821562f.png,https://lastfm.freetls.fastly.net/i/u/300x300/2a96cbd8b46e442fc41c2b86b821562f.png
Aurora Rules,"",https://www.last.fm/music/Aurora+Rules,https://lastfm.freetls.fastly.net/i/u/300x300/2a96cbd8b46e442fc41c2b86b821562f.png,https://lastfm.freetls.fastly.net/i/u/300x300/2a96cbd8b46e442fc41c2b86b821562f.png
Aurora Beach,"",https://www.last.fm/music/Aurora+Beach,https://lastfm.freetls.fastly.net/i/u/300x300/2a96cbd8b46e442fc41c2b86b821562f.png,https://lastfm.freetls.fastly.net/i/u/300x300/2a96cbd8b46e442fc41c2b86b821562f.png
Aurora Borealis,ef9cbe38-8eab-4834-be0c-b66441560a17,https://www.last.fm/music/Aurora+Borealis,https://lastfm.freetls.fastly.net/i/u/300x300/2a96cbd8b46e442fc41c2b86b821562f.png,https://lastfm.freetls.fastly.net/i/u/300x300/2a96cbd8b46e442fc41c2b86b821562f.png
Aurora View,"",https://www.last.fm/music/Aurora+View,https://lastfm.freetls.fastly.net/i/u/300x300/2a96cbd8b46e442fc41c2b86b821562f.png,https://lastfm.freetls.fastly.net/i/u/300x300/2a96cbd8b46e442fc41c2b86b821562f.png
Aurora Black,3d0c8323-7252-445f-801b-2a5d0305cfe4,https://www.last.fm/music/Aurora+Black,https://lastfm.freetls.fastly.net/i/u/300x300/2a96cbd8b46e442fc41c2b86b821562f.png,https://lastfm.freetls.fastly.net/i/u/300x300/2a96cbd8b46e442fc41c2b86b821562f.png
Aurora B.Polaris,"",https://www.last.fm/music/Aurora+B.Polaris,https://lastfm.freetls.fastly.net/i/u/300x300/2a96cbd8b46e442fc41c2b86b821562f.png,https://lastfm.freetls.fastly.net/i/u/300x300/2a96cbd8b46e442fc41c2b86b821562f.png
Auróra,f823f8b3-596d-432b-ad62-a4b2e783ed82,https://www.last.fm/music/Aur%C3%B3ra,https://lastfm.freetls.fastly.net/i/u/300x300/2a96cbd8b46e442fc41c2b86b821562f.png,https://lastfm.freetls.fastly.net/i/u/300x300/2a96cbd8b46e442fc41c2b86b821562f.png
Aurora Halal,75823c6e-aa7c-40cd-a1b7-441b705750bf,https://www.last.fm/music/Aurora+Halal,https://lastfm.freetls.fastly.net/i/u/300x300/2a96cbd8b46e442fc41c2b86b821562f.png,https://lastfm.freetls.fastly.net/i/u/300x300/2a96cbd8b46e442fc41c2b86b821562f.png
Aurora Y La Academia,37eb03ea-07f5-4c3f-a899-2d934413b355,https://www.last.fm/music/Aurora+Y+La+Academia,https://lastfm.freetls.fastly.net/i/u/300x300/2a96cbd8b46e442fc41c2b86b821562f.png,https://lastfm.freetls.fastly.net/i/u/300x300/2a96cbd8b46e442fc41c2b86b821562f.png
Aurora Aksnes,"",https://www.last.fm/music/Aurora+Aksnes,https://lastfm.freetls.fastly.net/i/u/300x300/2a96cbd8b46e442fc41c2b86b821562f.png,https://lastfm.freetls.fastly.net/i/u/300x300/2a96cbd8b46e442fc41c2b86b821562f.png
Aurora Night,"",https://www.last.fm/music/Aurora+Night,https://lastfm.freetls.fastly.net/i/u/300x300/2a96cbd8b46e442fc41c2b86b821562f.png,https://lastfm.freetls.fastly.net/i/u/300x300/2a96cbd8b46e442fc41c2b86b821562f.png
Auroraw,860b35c9-dfdc-4e3f-b17f-5cf5388021b3,https://www.last.fm/music/Auroraw,https://lastfm.freetls.fastly.net/i/u/300x300/2a96cbd8b46e442fc41c2b86b821562f.png,https://lastfm.freetls.fastly.net/i/u/300x300/2a96cbd8b46e442fc41c2b86b821562f.png
Idina Menzel & AURORA,"",https://www.last.fm/music/Idina+Menzel+&+AURORA,https://lastfm.freetls.fastly.net/i/u/300x300/2a96cbd8b46e442fc41c2b86b821562f.png,https://lastfm.freetls.fastly.net/i/u/300x300/2a96cbd8b46e442fc41c2b86b821562f.png
The Aurora Project,c89fcb28-624c-4a3e-8275-a251339c071a,https://www.last.fm/music/The+Aurora+Project,https://lastfm.freetls.fastly.net/i/u/300x300/2a96cbd8b46e442fc41c2b86b821562f.png,https://lastfm.freetls.fastly.net/i/u/300x300/2a96cbd8b46e442fc41c2b86b821562f.png
Aurora & The Betrayers,"",https://www.last.fm/music/Aurora+&+The+Betrayers,https://lastfm.freetls.fastly.net/i/u/300x300/2a96cbd8b46e442fc41c2b86b821562f.png,https://lastfm.freetls.fastly.net/i/u/300x300/2a96cbd8b46e442fc41c2b86b821562f.png
Aurora Sutra,914482e2-a6b2-4584-8955-30a6095f2f9c,https://www.last.fm/music/Aurora+Sutra,https://lastfm.freetls.fastly.net/i/u/300x300/2a96cbd8b46e442fc41c2b86b821562f.png,https://lastfm.freetls.fastly.net/i/u/300x300/2a96cbd8b46e442fc41c2b86b821562f.png
Aurorah,"",https://www.last.fm/music/Aurorah,https://lastfm.freetls.fastly.net/i/u/300x300/2a96cbd8b46e442fc41c2b86b821562f.png,https://lastfm.freetls.fastly.net/i/u/300x300/2a96cbd8b46e442fc41c2b86b821562f.png
Aurora Lacasa,e21ec7a3-1c40-4799-aa9c-f1e12c758e02,https://www.last.fm/music/Aurora+Lacasa,https://lastfm.freetls.fastly.net/i/u/300x300/2a96cbd8b46e442fc41c2b86b821562f.png,https://lastfm.freetls.fastly.net/i/u/300x300/2a96cbd8b46e442fc41c2b86b821562f.png
Above Aurora,"",https://www.last.fm/music/Above+Aurora,https://lastfm.freetls.fastly.net/i/u/300x300/2a96cbd8b46e442fc41c2b86b821562f.png,https://lastfm.freetls.fastly.net/i/u/300x300/2a96cbd8b46e442fc41c2b86b821562f.png
Aurora Dee Raynes,55572146-f892-45c4-bbe3-7fe9da3c5538,https://www.last.fm/music/Aurora+Dee+Raynes,https://lastfm.freetls.fastly.net/i/u/300x300/2a96cbd8b46e442fc41c2b86b821562f.png,https://lastfm.freetls.fastly.net/i/u/300x300/2a96cbd8b46e442fc41c2b86b821562f.png
In Auroram,69aa4d05-e9b2-48a3-a6ff-f0af1c08c075,https://www.last.fm/music/In+Auroram,https://lastfm.freetls.fastly.net/i/u/300x300/2a96cbd8b46e442fc41c2b86b821562f.png,https://lastfm.freetls.fastly.net/i/u/300x300/2a96cbd8b46e442fc41c2b86b821562f.png
Aurorax,"",https://www.last.fm/music/Aurorax,https://lastfm.freetls.fastly.net/i/u/300x300/2a96cbd8b46e442fc41c2b86b821562f.png,https://lastfm.freetls.fastly.net/i/u/300x300/2a96cbd8b46e442fc41c2b86b821562f.png
The Aurora Principle,"",https://www.last.fm/music/The+Aurora+Principle,https://lastfm.freetls.fastly.net/i/u/300x300/2a96cbd8b46e442fc41c2b86b821562f.png,https://lastfm.freetls.fastly.net/i/u/300x300/2a96cbd8b46e442fc41c2b86b821562f.png
Aurora feat. Lizzy Pattinson,923e649b-21d3-4b45-b109-50e4978002b6,https://www.last.fm/music/Aurora+feat.+Lizzy+Pattinson,https://lastfm.freetls.fastly.net/i/u/300x300/2a96cbd8b46e442fc41c2b86b821562f.png,https://lastfm.freetls.fastly.net/i/u/300x300/2a96cbd8b46e442fc41c2b86b821562f.png
Aurora Blue,"",https://www.last.fm/music/Aurora+Blue,"",""
Aurora Shields,"",https://www.last.fm/music/Aurora+Shields,https://lastfm.freetls.fastly.net/i/u/300x300/2a96cbd8b46e442fc41c2b86b821562f.png,https://lastfm.freetls.fastly.net/i/u/300x300/2a96cbd8b46e442fc41c2b86b821562f.png
Träumen von Aurora,8596fa9c-41f4-42ba-b1b6-b0a9e7624ca9,https://www.last.fm/music/Tr%C3%A4umen+von+Aurora,https://lastfm.freetls.fastly.net/i/u/300x300/2a96cbd8b46e442fc41c2b86b821562f.png,https://lastfm.freetls.fastly.net/i/u/300x300/2a96cbd8b46e442fc41c2b86b821562f.png
Aurora Nealand & the Royal Roses,52633417-aa07-4a71-b421-c7e2dbd885bd,https://www.last.fm/music/Aurora+Nealand+&+the+Royal+Roses,https://lastfm.freetls.fastly.net/i/u/300x300/2a96cbd8b46e442fc41c2b86b821562f.png,https://lastfm.freetls.fastly.net/i/u/300x300/2a96cbd8b46e442fc41c2b86b821562f.png
Cher,bfcc6d75-a6a5-4bc6-8282-47aec8531818,https://www.last.fm/music/Cher,https://lastfm.freetls.fastly.net/i/u/300x300/2a96cbd8b46e442fc41c2b86b821562f.png,https://lastfm.freetls.fastly.net/i/u/300x300/2a96cbd8b46e442fc41c2b86b821562f.png
Cher Lloyd,48fbfb0b-92ee-45eb-99c2-0bde4c05962e,https://www.last.fm/music/Cher+Lloyd,https://lastfm.freetls.fastly.net/i/u/300x300/2a96cbd8b46e442fc41c2b86b821562f.png,https://lastfm.freetls.fastly.net/i/u/300x300/2a96cbd8b46e442fc41c2b86b821562f.png
Cheryl Cole,2d499150-1c42-4ffb-a90c-1cc635519d33,https://www.last.fm/music/Cheryl+Cole,https://lastfm.freetls.fastly.net/i/u/300x300/2a96cbd8b46e442fc41c2b86b821562f.png,https://lastfm.freetls.fastly.net/i/u/300x300/2a96cbd8b46e442fc41c2b86b821562f.png
CHERRY BULLET,"",https://www.last.fm/music/CHERRY+BULLET,https://lastfm.freetls.fastly.net/i/u/300x300/2a96cbd8b46e442fc41c2b86b821562f.png,https://lastfm.freetls.fastly.net/i/u/300x300/2a96cbd8b46e442fc41c2b86b821562f.png
Black Stone Cherry,1801bd47-46ae-49ff-bfcd-6e01b562d880,https://www.last.fm/music/Black+Stone+Cherry,https://lastfm.freetls.fastly.net/i/u/300x300/2a96cbd8b46e442fc41c2b86b821562f.png,https://lastfm.freetls.fastly.net/i/u/300x300/2a96cbd8b46e442fc41c2b86b821562f.png
Cherry Glazerr,64a0c404-58af-4083-8fc6-a6725ef02ecb,https://www.last.fm/music/Cherry+Glazerr,https://lastfm.freetls.fastly.net/i/u/300x300/2a96cbd8b46e442fc41c2b86b821562f.png,https://lastfm.freetls.fastly.net/i/u/300x300/2a96cbd8b46e442fc41c2b86b821562f.png
Cheryl,85df56ab-e125-4169-8ac8-e6666128d526,https://www.last.fm/music/Cheryl,https://lastfm.freetls.fastly.net/i/u/300x300/2a96cbd8b46e442fc41c2b86b821562f.png,https://lastfm.freetls.fastly.net/i/u/300x300/2a96cbd8b46e442fc41c2b86b821562f.png
Eagle-Eye Cherry,4a5777b3-f55b-437c-8b23-d9ee7791c7fc,https://www.last.fm/music/Eagle-Eye+Cherry,https://lastfm.freetls.fastly.net/i/u/300x300/2a96cbd8b46e442fc41c2b86b821562f.png,https://lastfm.freetls.fastly.net/i/u/300x300/2a96cbd8b46e442fc41c2b86b821562f.png
Cherub,abf42fca-8c2e-4d55-9fc8-6b1fc65a80f1,https://www.last.fm/music/Cherub,https://lastfm.freetls.fastly.net/i/u/300x300/2a96cbd8b46e442fc41c2b86b821562f.png,https://lastfm.freetls.fastly.net/i/u/300x300/2a96cbd8b46e442fc41c2b86b821562f.png
Neneh Cherry,527c65d1-9fdb-4482-8796-dde2980bd63a,https://www.last.fm/music/Neneh+Cherry,https://lastfm.freetls.fastly.net/i/u/300x300/2a96cbd8b46e442fc41c2b86b821562f.png,https://lastfm.freetls.fastly.net/i/u/300x300/2a96cbd8b46e442fc41c2b86b821562f.png
Cherish,e82500a8-70ce-46ad-a028-b0690420d560,https://www.last.fm/music/Cherish,https://lastfm.freetls.fastly.net/i/u/300x300/2a96cbd8b46e442fc41c2b86b821562f.png,https://lastfm.freetls.fastly.net/i/u/300x300/2a96cbd8b46e442fc41c2b86b821562f.png
Cheryl Lynn,c2b8f775-455c-44c3-97ca-f377938da19e,https://www.last.fm/music/Cheryl+Lynn,https://lastfm.freetls.fastly.net/i/u/300x300/2a96cbd8b46e442fc41c2b86b821562f.png,https://lastfm.freetls.fastly.net/i/u/300x300/2a96cbd8b46e442fc41c2b86b821562f.png
Wild Cherry,da5ff827-174b-48d1-9a39-9fa290bb2925,https://www.last.fm/music/Wild+Cherry,https://lastfm.freetls.fastly.net/i/u/300x300/2a96cbd8b46e442fc41c2b86b821562f.png,https://lastfm.freetls.fastly.net/i/u/300x300/2a96cbd8b46e442fc41c2b86b821562f.png
Acid Black Cherry,a3842d12-306c-498a-ae1d-03ee40e3f2ac,https://www.last.fm/music/Acid+Black+Cherry,https://lastfm.freetls.fastly.net/i/u/300x300/2a96cbd8b46e442fc41c2b86b821562f.png,https://lastfm.freetls.fastly.net/i/u/300x300/2a96cbd8b46e442fc41c2b86b821562f.png
Cherry Poppin' Daddies,e23612fb-6dd6-4d5c-b638-2611bfc8c48a,https://www.last.fm/music/Cherry+Poppin%27+Daddies,https://lastfm.freetls.fastly.net/i/u/300x300/2a96cbd8b46e442fc41c2b86b821562f.png,https://lastfm.freetls.fastly.net/i/u/300x300/2a96cbd8b46e442fc41c2b86b821562f.png
Nasty Cherry,"",https://www.last.fm/music/Nasty+Cherry,https://lastfm.freetls.fastly.net/i/u/300x300/2a96cbd8b46e442fc41c2b86b821562f.png,https://lastfm.freetls.fastly.net/i/u/300x300/2a96cbd8b46e442fc41c2b86b821562f.png
Sonny & Cher,c43d2302-02db-487b-b62d-8cb3c57f94c6,https://www.last.fm/music/Sonny+&+Cher,https://lastfm.freetls.fastly.net/i/u/300x300/2a96cbd8b46e442fc41c2b86b821562f.png,https://lastfm.freetls.fastly.net/i/u/300x300/2a96cbd8b46e442fc41c2b86b821562f.png
Blue Cheer,523b52d7-a819-4111-9085-69fc269c9638,https://www.last.fm/music/Blue+Cheer,https://lastfm.freetls.fastly.net/i/u/300x300/2a96cbd8b46e442fc41c2b86b821562f.png,https://lastfm.freetls.fastly.net/i/u/300x300/2a96cbd8b46e442fc41c2b86b821562f.png
Cherry Ghost,1e76c9f2-2f79-4521-a418-a3c22eda30fa,https://www.last.fm/music/Cherry+Ghost,https://lastfm.freetls.fastly.net/i/u/300x300/2a96cbd8b46e442fc41c2b86b821562f.png,https://lastfm.freetls.fastly.net/i/u/300x300/2a96cbd8b46e442fc41c2b86b821562f.png
cheRomani+,"",https://www.last.fm/music/cheRomani%252B,https://lastfm.freetls.fastly.net/i/u/300x300/2a96cbd8b46e442fc41c2b86b821562f.png,https://lastfm.freetls.fastly.net/i/u/300x300/2a96cbd8b46e442fc41c2b86b821562f.png
Cheriimoya,"",https://www.last.fm/music/Cheriimoya,https://lastfm.freetls.fastly.net/i/u/300x300/2a96cbd8b46e442fc41c2b86b821562f.png,https://lastfm.freetls.fastly.net/i/u/300x300/2a96cbd8b46e442fc41c2b86b821562f.png
CHERNIKOVSKAYA HATA,"",https://www.last.fm/music/CHERNIKOVSKAYA+HATA,https://lastfm.freetls.fastly.net/i/u/300x300/2a96cbd8b46e442fc41c2b86b821562f.png,https://lastfm.freetls.fastly.net/i/u/300x300/2a96cbd8b46e442fc41c2b86b821562f.png
Don Cherry,d45e4d9d-45c1-45cb-941a-8a5025874e06,https://www.last.fm/music/Don+Cherry,https://lastfm.freetls.fastly.net/i/u/300x300/2a96cbd8b46e442fc41c2b86b821562f.png,https://lastfm.freetls.fastly.net/i/u/300x300/2a96cbd8b46e442fc41c2b86b821562f.png
cehryl,"",https://www.last.fm/music/cehryl,https://lastfm.freetls.fastly.net/i/u/300x300/2a96cbd8b46e442fc41c2b86b821562f.png,https://lastfm.freetls.fastly.net/i/u/300x300/2a96cbd8b46e442fc41c2b86b821562f.png
Cherrie,"",https://www.last.fm/music/Cherrie,https://lastfm.freetls.fastly.net/i/u/300x300/2a96cbd8b46e442fc41c2b86b821562f.png,https://lastfm.freetls.fastly.net/i/u/300x300/2a96cbd8b46e442fc41c2b86b821562f.png
Cherokee,ea71fddc-7e41-470f-8e13-6cd50ae981da,https://www.last.fm/music/Cherokee,https://lastfm.freetls.fastly.net/i/u/300x300/2a96cbd8b46e442fc41c2b86b821562f.png,https://lastfm.freetls.fastly.net/i/u/300x300/2a96cbd8b46e442fc41c2b86b821562f.png
Paul Cherry,"",https://www.last.fm/music/Paul+Cherry,https://lastfm.freetls.fastly.net/i/u/300x300/2a96cbd8b46e442fc41c2b86b821562f.png,https://lastfm.freetls.fastly.net/i/u/300x300/2a96cbd8b46e442fc41c2b86b821562f.png
Cherrelle,2a0b3bf9-0d04-4e49-91f5-9530cbebab55,https://www.last.fm/music/Cherrelle,https://lastfm.freetls.fastly.net/i/u/300x300/2a96cbd8b46e442fc41c2b86b821562f.png,https://lastfm.freetls.fastly.net/i/u/300x300/2a96cbd8b46e442fc41c2b86b821562f.png
Cherubs,6106ec43-8658-4fc3-b8a6-5379831a6cfa,https://www.last.fm/music/Cherubs,https://lastfm.freetls.fastly.net/i/u/300x300/2a96cbd8b46e442fc41c2b86b821562f.png,https://lastfm.freetls.fastly.net/i/u/300x300/2a96cbd8b46e442fc41c2b86b821562f.png
Cherri Bomb,41db537e-1150-43b2-9a94-a7b8a08cd23d,https://www.last.fm/music/Cherri+Bomb,https://lastfm.freetls.fastly.net/i/u/300x300/2a96cbd8b46e442fc41c2b86b821562f.png,https://lastfm.freetls.fastly.net/i/u/300x300/2a96cbd8b46e442fc41c2b86b821562f.png
